"","x"
"1","android_build"
"2","android_system_core"
"3","apc_b2g_build"
"4","appfuse"
"5","coge"
"6","collectd"
"7","cyklotron"
"8","dbflute"
"9","eclipse"
"10","Gdcm"
"11","geworkbench-core"
"12","graphx"
"13","H2-Mirror"
"14","lexevs"
"15","lila"
"16","lintian"
"17","modx"
"18","nci-term-browser"
"19","openflexo"
"20","OpenSpaces"
"21","ORCID-Source"
"22","origin-server"
"23","packages_apps_Exchange"
"24","packages_apps_Gallery2"
"25","proview"
"26","publicMain"
"27","richfaces"
"28","rstudio"
"29","sam"
"30","spring-security"
"31","system_core"
"32","Vanilla"
"33","yobi"
